{
  "training_date": "2025-09-26T13:15:34.629247",
  "training_samples": 80,
  "test_samples": 20,
  "train_rmse": 2785.135314737368,
  "test_rmse": 5758.7127928320715,
  "train_r2": 0.9074868581026628,
  "test_r2": 0.515032022116875,
  "features": [
    "age",
    "bmi",
    "gender",
    "smoker",
    "region",
    "premium_annual_inr"
  ]
}